{
"music.menu": {
      "sounds": [
        {
          "name": "music/game/infinite_amethyst",
          "stream": true,
          "volume": 0.4
        },
        {
          "name": "music/game/wending",
          "stream": true,
          "volume": 0.4,
          "weight": 2
        },
        {
          "name": "music/game/left_to_bloom",
          "stream": true,
          "volume": 0.4
          },
        {
          "name": "music/game/stand_tall",
          "stream": true,
          "volume": 0.4,
          "weight": 2
        },
        {
        "name": "music/game/swamp/firebugs",
        "stream": true,
        "volume": 0.4
        },
        {
          "name": "music/game/swamp/aerie",
          "stream": true,
          "volume": 0.4
        },
        {
          "name": "music/game/swamp/labyrinthine",
          "stream": true,
          "volume": 0.4
        },
        {
          "name": "music/game/echo_in_the_wind",
          "stream": true,
          "volume": 0.4
        },
        {
          "name": "music/game/crescent_dunes",
          "stream": true,
          "volume": 0.4,
          "weight": 2
        },
        {
          "name": "music/game/bromeliad",
          "stream": true,
          "volume": 0.4,
          "weight": 2
        },
        {
          "name": "music/game/infinite_amethyst",
          "stream": true,
          "volume": 0.4
        },
        {
          "name": "music/game/a_familiar_room",
          "stream": true,
          "volume": 0.4
        },
        {
        "name": "music/game/left_to_bloom",
        "stream": true,
        "volume": 0.4
        },
        {
          "name": "music/game/deeper",
          "stream": true,
          "volume": 0.4
        },
        {
          "name": "music/game/eld_unknown",
          "stream": true,
          "volume": 0.4
        },
        {
          "name": "music/game/endless",
          "stream": true,
          "volume": 0.4
        },
        {
          "name": "music/game/featherfall",
          "stream": true,
          "volume": 0.4
        },
        {
          "name": "music/game/komorebi",
          "stream": true,
          "volume": 0.8
        },
        {
          "name": "music/game/pokopoko",
          "stream": true,
          "volume": 0.8
        },
        {
          "name": "music/game/puzzlebox",
          "stream": true,
          "volume": 0.4
        },
        {
          "name": "music/game/watcher",
          "stream": true,
          "volume": 0.4
        },
        {
          "name": "music/game/yakusoku",
          "stream": true,
          "volume": 0.8
        },
        {
          "name": "music/menu/beginning_2",
          "stream": true
        },
        {
          "name": "music/menu/floating_trees",
          "stream": true
        },
        {
          "name": "music/menu/moog_city_2",
          "stream": true
        },
        {
          "name": "music/menu/mutation",
          "stream": true
        }
      ]
    }
  }